Users,Number of Posts,Number of Followers,Number of Followings,Number of Likes for the Tenth Previous Post,Number of Likes for the Eleventh Previous Post,Number of Likes for the Twelfth Previous Post,Number of Self-Presenting Posts from Nine Previous Posts, Gender
User-1,486,279,19,15,10,17,0,m
User-2,401,"5,509",342,360,440,428,0,f
User-3,463,453,293,65,68,149,4,f
User-4,154,"1,231","1,477",53,22,35,3,m
User-5,786,"9,620",421,623,1299,544,0,m
User-6,490,"7,702",379,190,198,188,4,f
User-7,405,"1,282",370,123,135,145,2,m
User-8,638,"2,312",365,466,511,318,0,m
User-9,73,"1,819",852,343,435,333,0,f
User-10,600,"2,056",606,130,102,160,1,f
User-11,57,"2,403","1,663",912,740,1005,0,f
User-12,400,"7,355","4,285",943,1102,1252,1,m
User-13,392,"9,071",189,757,1209,733,0,m
User-14,"1,095",681,"1,238",50,69,33,1,m
User-15,199,"2,826",327,277,337,296,0,m
User-16,232,"1,016","1,066",190,231,230,0,f
User-17,691,"2,864",447,94,97,94,1,m
User-18,718,955,619,56,75,126,6,f
User-19,648,"6,046","1,244",84,41,69,1,m
User-20,537,409,430,37,9,24,5,f
User-21,155,187,281,10,12,6,4,m
User-22,985,266,33,16,13,6,2,f
User-23,330,"1,364","1,150",241,220,240,9,f
User-24,108,391,175,33,24,30,9,m
User-25,379,775,712,99,235,61,5,f
User-26,378,"2,425","1,349",164,213,97,9,f
User-27,986,"5,263",153,166,175,127,9,f
User-28,129,"2,625",852,362,359,366,9,m
User-29,200,536,190,91,54,56,7,f
User-30,434,849,"1,255",157,110,83,8,m
User-31,246,891,348,140,154,158,9,f
User-32,153,"1,432",811,245,212,205,9,m
User-33,734,"1,072",191,41,153,185,6,f
User-34,336,"2,574",815,109,94,80,7,m
User-35,465,897,765,121,176,139,9,m
User-36,433,531,371,79,51,86,8,m
User-37,98,"1,192","7,497",81,46,208,8,m
User-38,140,"1,693","6,260",22,27,50,0,f
User-39,429,625,"1,286",8,14,6,0,m
User-40,139,990,372,327,216,213,6,m
User-41,71,350,95,43,34,34,1,m
User-42,470,562,533,8,20,9,1,m
User-43,92,"1,214",260,228,66,84,3,m
User-44,167,"4,869","3,898",339,337,297,7,m
User-45,883,"4,666","7,432",157,123,162,8,m
User-46,"1,337",290,204,19,18,18,0,m
User-47,445,323,193,71,72,82,9,f
User-48,77,"1,557","1,686",381,519,446,3,m
User-49,67,"5,697",809,1326,1175,1387,0,f
User-50,822,631,266,113,107,53,4,m
User-51,"1,155","4,198",642,838,513,480,9,f
User-52,107,267,234,40,49,33,0,m
User-53,119,385,331,47,30,71,5,m
User-54,979,540,152,130,89,98,0,m
User-55,112,117,120,17,22,13,1,f
User-56,186,"5,802",388,603,577,1430,8,f
User-57,859,"1,812",828,102,190,138,1,m
User-58,501,"4,258","2,944",205,244,288,7,m
User-59,200,947,768,205,232,122,2,f
User-60,198,93,210,5,8,4,7,f
User-61,72,127,499,8,2,16,9,f
User-62,"2,005","1,603",531,28,24,46,5,f
User-63,33,460,"2,822",6,3,5,9,f
User-64,52,95,122,20,7,10,2,m
User-65,79,407,"5,108",10,5,5,7,m
User-66,126,"2,282","7,499",57,50,67,9,f
User-67,323,"2,692","6,353",99,62,75,7,f
User-68,80,200,210,138,105,74,9,f
User-69,235,565,169,168,102,82,7,f
User-70,"7,733","2,094","4,406",18,18,15,5,f
User-71,96,105,388,3,3,2,0,f
User-72,555,"2,204","2,560",189,151,208,3,f
User-73,141,"8,766","2,611",1620,1016,872,9,m
User-74,180,489,495,58,44,19,8,m
User-75,113,"9,772",11,261,349,450,1,m
User-76,"1,412",207,541,18,15,19,0,f
User-77,50,"2,882","6,999",696,489,638,2,m
User-78,196,49,78,9,9,9,0,f
User-79,371,603,885,8,16,19,3,f
User-80,78,529,"1,784",72,55,33,5,m
User-81,81,186,561,15,7,8,1,m
User-82,92,"9,952",60,589,373,452,8,m
User-83,151,"8,329","6,834",150,163,227,2,f
User-84,550,"1,063",469,43,56,50,4,m
User-85,56,409,806,32,21,29,3,m
User-86,58,189,690,7,7,4,9,f
User-87,974,677,485,16,19,13,8,m
User-88,133,"1,041",449,61,74,57,7,m
User-89,441,459,432,41,45,51,8,m
User-90,671,"7,286","6,609",602,381,501,9,f
User-91,418,"1,021","5,959",104,44,81,7,f
User-92,118,"1,073",313,211,160,163,2,m
User-93,56,50,94,10,11,7,2,f
User-94,384,"5,550",429,281,214,172,0,f
User-95,53,349,"3,012",1,8,24,0,f
User-96,63,"1,157","3,499",28,26,41,2,m
User-97,251,109,461,9,12,8,0,f
User-98,324,"5,749","5,000",670,765,735,1,m
User-99,157,"2,163","3,077",66,62,61,9,f
User-100,67,59,924,1,2,2,2,m
User-101,179,"1,577",933,38,58,92,8,m
User-102,57,"1,014","1,478",18,25,5,4,m
User-103,58,192,422,28,23,49,7,f
User-104,102,130,371,13,12,10,7,m
User-105,122,501,686,47,47,65,8,m
User-106,227,145,32,4,5,5,6,m
User-107,138,258,409,7,7,8,9,f
User-108,125,220,475,6,9,6,4,f
User-109,487,"1,330","7,500",23,12,37,3,m
User-110,854,"2,283","2,125",96,101,41,5,f
User-111,113,"1,027",293,71,73,84,4,m
User-112,96,744,"2,375",25,60,60,3,m
User-113,59,320,510,26,21,35,8,f
User-114,91,139,223,10,4,7,9,f
User-115,132,396,"1,613",4,7,2,9,m
User-116,81,330,"1,706",19,30,18,5,f
User-117,58,205,421,10,11,14,8,f
User-118,258,436,945,15,7,15,8,m
User-119,65,118,430,3,3,3,9,m
User-120,67,329,"1,206",11,8,13,9,f
User-121,504,"1,374","1,947",19,25,32,3,f
User-122,62,401,"1,784",2,4,14,9,m
User-123,93,134,153,7,4,11,9,f
User-124,78,"2,352",248,274,315,281,9,f
User-125,125,747,"2,281",106,60,118,2,f
User-126,95,320,559,14,8,20,9,m
User-127,185,359,"1,110",25,21,19,9,m
User-128,59,408,"1,936",9,21,11,1,m
User-129,52,248,386,7,12,6,8,f
User-130,148,340,229,57,73,68,3,m
User-131,86,111,250,17,49,30,0,m
User-132,276,110,78,14,11,24,1,f
User-133,209,72,169,11,4,1,0,f
User-134,"1,273","2,462","1,600",106,94,103,0,f
User-135,288,407,879,8,0,8,0,f
User-136,218,102,164,5,4,4,1,f
User-137,63,178,381,8,12,8,7,m
User-138,137,366,"2,594",20,12,28,4,m
User-139,51,"9,953","6,739",913,950,1014,8,m
User-140,329,"5,053","5,457",131,180,157,9,m
User-141,"4,310","1,364","2,917",35,23,11,2,f
User-142,207,"1,637","2,583",189,182,176,0,m
User-143,674,827,672,34,42,35,6,f
User-144,125,851,"2,873",68,75,35,3,f
User-145,117,"7,339","6,345",144,190,255,0,m
User-146,180,239,"1,626",4,4,26,9,m
User-147,378,929,"2,748",17,28,8,0,m
User-148,205,516,"1,322",59,46,72,0,m
User-149,107,196,75,4,9,6,2,f
User-150,102,"2,480","4,566",141,109,91,0,f
User-151,51,360,"1,223",9,10,8,0,m
User-152,823,"1,172",511,63,25,31,0,f
User-153,178,654,"3,373",44,88,61,3,f
User-154,685,"1,421","4,039",11,12,20,1,f
User-155,78,309,789,18,37,30,7,m
User-156,419,"2,013",992,123,162,86,1,f
User-157,121,"4,440","6,357",288,510,355,0,m
User-158,551,"3,423","6,332",66,133,69,1,f
User-159,68,357,"3,082",17,28,14,1,f
User-160,924,383,688,39,17,6,0,f
User-161,810,"1,385","3,782",26,20,27,0,f
User-162,341,"1,711","2,033",61,24,73,2,f
User-163,812,671,671,31,64,91,2,f
User-164,135,639,432,49,59,70,4,m
User-165,"5,600","6,755","1,084",16,8,7,0,m
User-166,166,575,311,1,3,18,5,m
User-167,103,375,"1,152",32,38,76,4,f
User-168,104,"1,247","4,087",194,157,125,4,m
User-169,134,193,519,37,27,29,0,f
User-170,220,"4,083","4,557",178,203,222,0,f
User-171,84,"2,337","2,029",134,123,140,5,f
User-172,114,710,570,55,97,107,9,m
User-173,137,646,175,67,95,98,5,f
User-174,253,948,590,145,101,241,4,m
User-175,69,954,439,106,115,126,9,m
User-176,186,329,"1,971",67,52,54,0,m
User-177,91,"4,212","1,282",274,368,225,9,f
User-178,192,740,582,73,92,105,9,f
User-179,829,901,510,104,113,127,6,f
User-180,80,453,437,48,75,45,8,f
User-181,88,240,472,17,12,7,6,m
User-182,138,335,330,18,16,12,4,m
User-183,314,"1,646","1,314",90,90,65,6,f
User-184,159,231,314,37,36,40,5,f
User-185,419,463,579,40,49,43,3,f
User-186,806,269,740,11,7,10,2,f
User-187,404,"1,649","2,378",77,59,49,0,m
User-188,474,"3,855","3,787",178,230,234,3,f
User-189,95,872,"3,127",42,55,39,7,f
User-190,76,45,319,7,4,5,4,m
User-191,220,649,"3,710",28,80,31,9,f
User-192,382,746,"2,987",16,24,24,2,f
User-193,377,84,215,3,3,9,4,f
User-194,105,"1,534","5,064",56,45,73,7,m
User-195,240,"5,702","3,923",969,886,952,5,f
User-196,"6,694",697,"2,809",8,9,13,5,m
User-197,87,"1,022","5,214",56,28,30,6,m
User-198,76,"2,201","1,684",262,329,175,1,f
User-199,59,818,"2,878",11,16,11,1,m
User-200,391,404,730,20,19,31,3,f
User-201,373,"9,381","7,405",144,165,135,6,m
User-202,122,221,390,23,22,30,4,m
User-203,373,"2,469",661,286,230,223,0,m
User-204,265,"2,988","4,989",142,70,91,2,f
User-205,73,336,553,21,22,30,2,m
User-206,99,98,110,17,12,7,5,m
User-207,71,134,165,23,19,11,3,m
User-208,149,"2,391","1,924",349,356,379,8,f
User-209,295,869,"2,954",47,20,36,5,f
User-210,"2,323",550,"1,742",12,18,23,4,f
User-211,68,95,170,7,5,7,9,m
User-212,215,703,"2,095",84,55,68,9,m
User-213,281,504,459,69,32,33,1,m
User-214,105,359,459,59,56,35,8,m
User-215,116,317,250,34,59,144,5,f
User-216,67,200,262,47,43,58,5,m
User-217,307,"1,245",899,242,323,303,0,f
User-218,160,519,"2,756",29,20,20,0,m
User-219,754,"1,421",731,449,405,341,0,f
User-220,81,"2,653","4,727",361,396,482,0,m
User-221,112,122,269,20,30,26,0,m
User-222,527,"3,736","6,585",691,684,486,1,m
User-223,58,354,"1,763",63,61,85,0,f
User-224,405,221,530,65,21,58,0,f
User-225,644,"1,247","7,503",46,49,31,0,f
User-226,398,344,"1,338",21,30,24,0,f
User-227,575,"2,202","5,690",342,359,313,0,f
User-228,287,"5,968","6,291",255,352,362,5,f
User-229,"2,805","7,448","6,935",578,585,551,1,f
User-230,85,368,289,47,63,56,9,f
User-231,250,"1,434",714,153,179,158,9,m
User-232,109,535,282,86,109,79,9,m
User-233,67,575,359,110,51,98,9,m
User-234,"1,112","1,668",883,146,175,187,7,f
User-235,148,872,293,140,146,177,9,f
User-236,85,"3,923","3,904",683,450,454,9,f
User-237,127,"2,600","1,863",343,263,395,3,f
User-238,53,742,392,209,207,191,9,f
User-239,140,500,398,41,54,51,9,m
User-240,90,837,826,70,57,89,8,m
User-241,88,313,235,78,65,18,9,m
User-242,81,240,549,24,28,35,5,f
User-243,267,767,"1,008",11,16,43,1,m
User-244,559,"1,282","1,010",54,179,104,8,f
User-245,174,449,309,54,73,42,9,m
User-246,34,340,"1,613",26,15,15,7,m
User-247,317,708,468,83,58,80,8,f
User-248,716,638,356,88,73,57,9,m
User-249,67,149,275,13,9,12,3,m
User-250,"1,638","2,933",357,96,49,157,2,m
User-251,998,"1,278","1,924",53,58,35,8,m
User-252,937,855,"1,531",32,80,90,3,f
User-253,182,626,522,123,87,86,6,m
User-254,234,"3,005","2,834",418,395,315,4,m
User-255,"2,326","2,570","1,625",25,14,7,2,f
User-256,243,407,570,11,30,18,5,f
User-257,445,583,"2,217",46,104,113,7,m
User-258,"1,358","8,493","6,855",565,421,275,9,m
User-259,742,639,"2,540",51,37,27,5,m
User-260,507,991,638,200,100,168,7,m
User-261,77,130,365,16,12,15,9,m
User-262,406,224,743,19,13,17,1,m
User-263,55,156,190,6,25,44,2,m
User-264,765,"1,302",806,119,106,151,9,m
User-265,337,217,623,5,13,6,5,m
User-266,321,210,323,49,55,49,2,m
User-267,234,"8,368","6,954",281,233,252,5,m
User-268,551,380,410,20,19,39,4,f
User-269,733,"1,046","1,814",44,30,27,5,m
User-270,"1,441","1,745","7,412",103,65,92,5,m
User-271,869,336,479,24,25,20,2,m
User-272,218,146,155,39,44,12,4,m
User-273,284,"2,851",823,185,163,149,8,m
User-274,592,528,648,36,36,58,6,m
User-275,139,436,649,60,32,40,4,m
User-276,331,336,526,108,40,73,3,f
User-277,183,116,170,29,48,30,8,f
User-278,72,411,"1,607",77,76,114,7,m
User-279,"4,004","3,055","3,287",151,83,109,5,m
User-280,242,166,246,28,37,49,7,m
User-281,155,950,"2,307",54,55,73,9,m
User-282,156,126,310,23,10,11,6,m
User-283,"2,189","2,103","2,463",6,30,17,6,f
User-284,131,623,"2,194",50,73,75,3,m
User-285,192,511,"1,500",37,44,36,9,m
User-286,103,271,377,29,12,29,7,f
User-287,538,221,409,14,17,4,0,m
User-288,592,936,982,70,37,35,2,m
User-289,321,"1,660","1,475",100,172,154,9,m
User-290,468,"1,585","4,720",136,185,147,5,m
User-291,"1,108",964,"2,268",74,84,94,4,m
User-292,269,536,311,63,104,60,5,m
User-293,192,662,"2,201",20,24,49,7,f
User-294,107,"1,247","1,167",47,90,61,5,m
User-295,726,847,"1,197",112,80,108,6,f
User-296,"1,319","1,331",879,14,51,21,2,f
User-297,"1,143","5,064",495,103,117,89,8,f
User-298,122,430,"2,077",116,98,129,9,m
User-299,243,"1,276",162,61,23,74,7,f
User-300,605,397,"1,350",28,12,11,0,m
User-301,255,"1,039","2,498",83,78,104,7,m
User-302,"1,718",942,"1,076",29,11,39,8,m
User-303,"1,204",379,"1,695",8,4,16,3,m
User-304,402,"2,425","3,817",196,146,117,7,m
User-305,458,"4,859","3,362",583,479,552,4,m
User-306,498,"2,405","4,708",69,68,80,9,m
User-307,314,"2,330","2,438",72,56,131,1,m
User-308,76,"1,276",500,104,52,119,5,m
User-309,215,818,260,39,98,106,6,m
User-310,105,"2,361","2,244",255,463,344,9,f
User-311,207,203,627,16,6,25,6,m
User-312,439,"1,127",999,15,28,45,2,m
User-313,136,"1,073","4,180",95,75,44,4,f
User-314,190,"2,007","6,530",33,45,54,1,f
User-315,163,254,359,27,25,23,2,f
User-316,816,"1,247",701,85,80,71,3,m
User-317,66,145,209,7,7,5,6,f
User-318,105,"1,138","4,140",74,89,101,0,f
User-319,379,752,509,25,11,46,6,f
User-320,511,880,"7,497",61,51,64,3,m
User-321,371,"4,846","1,559",343,233,295,7,f
User-322,677,883,801,66,114,69,6,f
User-323,194,82,83,1,1,0,8,f
User-324,254,478,978,123,54,17,9,m
User-325,97,257,500,8,23,3,7,m
User-326,121,"5,248","2,600",399,340,649,8,m
User-327,71,218,315,17,12,18,1,f
User-328,128,"1,300","1,137",477,517,493,9,m
User-329,494,"8,257","1,575",448,653,649,6,m
User-330,139,"1,179",171,116,101,125,8,m
User-331,357,743,735,72,122,103,9,f
User-332,207,758,510,26,16,25,5,f
User-333,65,138,298,18,9,11,3,f
User-334,228,"1,156","1,421",45,41,65,8,f
User-335,160,303,241,45,52,43,1,f
User-336,368,"7,682","3,980",883,519,940,6,f
User-337,494,"1,179",803,119,11,111,8,m
User-338,96,"1,071",405,101,173,104,6,f
User-339,274,354,576,18,14,19,2,f
User-340,812,"6,249","1,106",34,30,41,6,f
User-341,"1,603",765,"2,189",27,49,29,3,f
User-342,179,"1,830","3,381",129,80,78,9,f
User-343,311,677,949,35,17,44,6,f
User-344,251,"6,383","3,052",55,129,150,4,f
User-345,437,264,507,9,3,6,4,f
User-346,312,"8,869",854,95,71,151,6,f
User-347,316,917,680,61,38,52,6,f
User-348,"1,257","1,315","2,922",116,136,116,7,f
User-349,198,295,429,11,34,24,4,f
User-350,377,684,353,67,73,63,7,f
User-351,135,"5,506",628,303,482,510,8,f
User-352,475,"1,055",386,86,111,84,1,m
User-353,78,"1,091",894,126,106,100,8,m
User-354,80,"3,754","4,663",72,93,111,0,f
User-355,80,"1,331","6,862",256,147,157,8,m
User-356,262,"3,080","1,951",751,773,1028,4,m
User-357,"1,417","5,156","2,118",111,136,138,7,m
User-358,159,730,"3,322",38,60,95,0,m
User-359,95,"4,061","1,587",168,204,150,3,f
User-360,178,875,"5,007",6,21,17,0,m
User-361,166,"1,012","2,080",21,15,25,0,m
User-362,50,199,735,13,10,12,0,m
User-363,64,375,"1,330",24,11,3,0,m
User-364,56,237,484,15,6,7,0,m
User-365,486,"1,336","2,164",35,30,24,0,m
User-366,"1,399","2,344","2,448",51,5,47,2,m
User-367,"2,099",606,"1,034",19,13,10,1,m
User-368,61,133,290,17,15,26,5,f
User-369,161,"1,790","3,740",65,61,23,6,m
User-370,82,"2,686","2,848",136,124,155,3,m
User-371,892,"9,648","7,388",118,70,109,4,m
User-372,179,"1,836","7,446",54,66,34,6,m
User-373,716,"1,710","1,987",59,49,71,5,f
User-374,"1,257","1,822","3,187",111,89,62,9,f
User-375,215,49,320,12,11,5,0,f
User-376,437,750,703,117,135,138,8,f
User-377,104,276,699,19,41,28,0,m
User-378,158,226,216,25,21,12,3,f
User-379,209,696,"3,027",16,11,12,1,m
User-380,359,224,223,26,35,24,2,f
User-381,439,334,962,19,14,26,1,f
User-382,199,108,691,18,20,31,0,m
User-383,165,147,199,46,34,52,3,f
User-384,332,446,579,45,45,39,5,f
User-385,96,574,405,166,150,111,5,f
User-386,"2,241",943,"2,018",43,21,22,5,f
User-387,258,"2,485",562,189,196,327,2,f
User-388,103,384,"2,565",28,30,20,0,m
User-389,571,"1,692","5,999",53,56,56,1,m
User-390,115,"3,502","1,966",144,39,62,2,f
User-391,934,"1,167",927,101,134,116,5,f
User-392,211,"7,772","1,769",297,372,259,5,m
User-393,201,449,302,95,88,83,6,f
User-394,161,"1,184",626,198,162,166,3,f
User-395,417,522,869,41,28,38,3,f
User-396,137,"3,039",767,361,457,530,2,f
User-397,288,799,671,228,219,216,7,f
User-398,431,"3,036",886,450,472,275,2,f
User-399,"1,073",909,"1,476",88,87,66,4,m
User-400,"1,417","6,158","1,265",374,631,245,5,f
User-401,142,650,431,168,116,77,0,f
User-402,375,"1,068",899,104,92,109,0,f
User-403,53,"4,406",248,284,624,453,8,f
User-404,160,916,788,186,182,146,9,f
User-405,200,362,200,27,44,32,3,f
User-406,157,532,293,85,72,85,0,m
User-407,144,622,670,157,198,157,6,f
User-408,106,166,178,59,38,31,3,f
User-409,102,"1,009","2,294",131,199,165,5,f
User-410,328,557,292,38,54,81,4,f
User-411,"1,764","1,043","1,590",129,119,157,6,f
User-412,189,672,"3,809",57,36,24,6,m
User-413,229,"1,831","6,624",88,54,64,1,m
User-414,"1,457",153,252,16,8,12,0,f
User-415,351,506,"4,004",24,17,17,4,f
User-416,484,"1,047","1,026",239,144,192,5,f
User-417,728,"2,172","5,001",195,276,216,8,f
User-418,94,89,645,45,45,34,2,f
User-419,659,"6,609","6,556",1178,1176,1363,0,m
User-420,280,574,"3,288",44,36,111,0,f
User-421,330,"1,687","1,994",276,280,223,8,f
User-422,549,"7,319",481,159,205,126,6,f
User-423,546,"3,213","2,484",133,111,125,4,f
User-424,116,752,"3,061",146,127,190,3,f
User-425,"1,024","8,582",688,1513,375,392,8,f
User-426,186,"1,578",901,224,267,380,7,f
User-427,315,"3,625","2,616",134,143,134,8,f
User-428,928,899,"2,372",20,8,10,7,m
User-429,218,959,781,148,208,174,7,f
User-430,95,"3,174","1,837",427,566,563,7,f
User-431,93,789,524,238,264,247,9,f
User-432,77,"1,001",584,164,236,194,9,m
User-433,122,"1,524",484,191,222,183,9,f
User-434,802,"7,634","5,732",156,139,207,0,f
User-435,72,135,720,0,1,1,5,m
User-436,843,"5,817",513,59,48,73,7,f
User-437,104,"5,873","2,352",927,514,736,9,f
User-438,"2,646","2,051","1,366",21,57,20,7,m
User-439,372,"1,773","2,246",47,69,39,3,f
User-440,"3,185","2,410","1,497",21,20,50,4,f
User-441,112,313,457,24,31,21,0,m
User-442,652,262,371,27,40,26,3,f
User-443,"2,676",818,716,19,14,13,2,f
User-444,171,"1,933","2,661",177,123,149,1,m
User-445,162,"3,227","6,241",65,151,91,7,m
User-446,433,"8,808","2,682",292,102,412,0,f
User-447,286,801,767,15,30,39,7,m
User-448,202,387,362,31,28,22,8,m
User-449,276,"1,463",238,15,7,23,9,m
User-450,105,"4,785","1,584",508,413,258,8,f
User-451,251,"1,212",344,42,59,33,9,f
User-452,63,375,"1,356",71,31,63,2,m
User-453,328,444,720,11,30,25,5,f
User-454,50,683,412,226,251,202,9,m
User-455,"3,858",258,656,7,28,14,0,m
User-456,631,671,"1,152",138,92,86,4,m
User-457,223,"1,002",564,61,72,67,6,f
User-458,403,689,"2,989",31,13,14,0,f
User-459,103,282,804,44,56,43,8,m
User-460,291,359,700,44,4,51,5,f
User-461,367,126,248,16,7,10,0,f
User-462,638,429,"2,524",32,31,22,3,f
User-463,467,583,"1,462",6,10,6,9,f
User-464,98,911,"4,961",69,80,35,3,f
User-465,"2,596",764,"1,126",10,3,5,1,f
User-466,403,538,"1,096",36,45,60,2,f
User-467,102,181,343,4,5,3,5,f
User-468,200,"3,541","3,426",284,210,264,9,f
User-469,"1,748","6,360","1,086",30,90,184,0,f
User-470,361,"3,096","1,524",203,158,186,7,m
User-471,348,"4,747","4,722",113,98,77,1,m
User-472,106,"6,890",800,186,191,179,4,m
User-473,358,"3,226","3,444",80,157,115,6,f
User-474,76,109,276,5,9,6,5,f
User-475,138,66,347,5,4,3,7,f
User-476,461,"5,126","4,282",240,299,212,9,f
User-477,371,"1,104","1,098",44,46,44,5,f
User-478,181,217,394,16,17,10,9,f
User-479,284,"1,028",985,48,42,23,0,m
User-480,129,"7,232",381,1518,1622,1530,6,m
User-481,224,269,515,49,48,50,5,f
User-482,360,214,439,42,21,13,0,f
User-483,167,350,468,31,26,31,5,f
User-484,99,946,"4,921",64,51,59,3,f
User-485,327,"1,371","2,361",63,158,38,7,m
User-486,582,280,"1,177",6,12,7,8,m
User-487,"1,399",643,"2,404",9,13,9,0,f
User-488,185,"1,994","4,323",10,4,5,0,f
User-489,58,462,551,135,149,139,1,m
User-490,89,"1,025","1,640",23,35,34,6,m
User-491,101,650,"3,412",7,5,10,0,m
User-492,93,"1,342","6,050",194,200,161,5,f
User-493,76,401,"1,170",32,32,25,1,m
User-494,61,663,536,158,216,668,1,f
User-495,119,113,369,5,2,252,7,m
User-496,78,416,"2,691",129,118,186,5,m
User-497,67,"1,271","6,269",263,145,222,6,m
User-498,564,808,"2,144",84,104,142,2,m
User-499,61,"2,721","7,735",105,111,81,7,f
User-500,79,"1,927",985,123,206,176,7,f
User-501,447,313,"2,462",6,3,2,9,m
User-502,280,"4,107","4,063",577,614,660,9,m
User-503,76,"1,135",807,422,252,139,6,f
User-504,740,"2,333","2,214",110,131,126,7,m
User-505,826,"1,245",442,70,85,63,8,f
User-506,71,582,542,46,61,56,8,m
User-507,171,"5,979","4,286",322,313,344,6,m
User-508,76,"1,746","7,499",50,52,51,8,m
User-509,78,"2,057","3,128",98,116,149,9,f
User-510,52,"3,453","4,185",215,307,251,9,f
User-511,54,563,"5,582",20,9,11,3,m
User-512,128,127,376,3,3,3,9,m
User-513,150,641,"1,087",23,24,26,9,m
User-514,124,511,"3,944",51,35,33,4,m
User-515,53,642,"1,641",20,16,13,8,m
User-516,77,"2,826","7,498",40,107,75,3,m
User-517,132,323,966,16,15,18,7,f
User-518,92,127,294,3,4,6,5,f
User-519,242,"1,289","1,032",17,21,20,6,f
User-520,144,121,753,2,2,1,0,m
User-521,379,308,"4,608",11,21,18,0,m
User-522,69,602,"5,895",61,81,71,4,m
User-523,268,"5,321","3,285",132,166,96,9,f
User-524,59,330,"1,784",44,26,26,5,m
User-525,76,"7,068","7,191",1498,1956,1757,0,f
User-526,116,"5,345","2,646",183,99,127,3,m
User-527,"1,108","1,021","7,008",85,93,58,1,f
User-528,72,560,"2,625",38,33,28,8,f
User-529,56,"1,423","2,601",69,65,73,9,f
User-530,215,604,"2,750",94,84,68,0,m
User-531,166,"1,325","1,433",337,253,333,0,m
User-532,157,"8,584","6,434",1317,1039,1263,0,m
User-533,725,284,252,38,40,36,0,m
User-534,87,"1,583","2,829",212,137,136,0,m
User-535,468,830,474,163,199,171,0,m
User-536,103,145,360,6,11,13,0,m
User-537,832,579,712,64,71,71,0,m
User-538,360,732,898,123,152,241,0,m
User-539,265,261,610,47,55,59,0,m
User-540,934,278,"1,264",25,28,39,0,m
User-541,558,"1,108","1,088",91,131,138,0,m
User-542,969,183,582,24,31,141,0,m
User-543,295,983,971,163,169,190,0,m
User-544,277,210,286,93,46,80,0,f
User-545,750,238,215,45,28,36,3,f
User-546,239,535,629,225,216,198,0,m
User-547,109,"3,721","2,327",504,346,473,0,m
User-548,375,"1,320",707,211,214,210,0,f
User-549,310,"3,187","4,035",603,572,466,0,m
User-550,602,844,641,129,260,163,4,f
User-551,187,"1,319",468,40,41,83,4,m
User-552,72,305,524,32,48,42,7,m
User-553,207,248,"1,302",15,6,15,2,m
User-554,161,435,"1,585",47,31,21,2,m
User-555,213,219,150,62,27,69,9,f
User-556,245,734,"1,795",57,60,104,8,m
User-557,188,592,"3,094",9,7,3,1,m
User-558,364,707,699,35,40,31,7,m
User-559,350,"9,455","5,121",243,680,247,3,m
User-560,593,460,439,33,46,14,3,f
User-561,388,579,630,304,148,147,1,f
User-562,129,"6,225","1,966",1012,954,853,5,f
User-563,315,"4,084","2,704",205,149,104,9,f
User-564,110,240,329,47,11,23,7,f
User-565,"1,635","1,309","7,498",25,62,67,2,f
User-566,70,"3,115","2,029",57,62,60,4,m
User-567,59,341,"1,734",2,1,1,9,f
User-568,728,863,"1,196",128,74,113,6,f
User-569,"2,698","2,908",899,281,166,246,1,f
User-570,"1,356","1,161",973,31,31,37,8,f
User-571,577,981,"2,504",93,74,66,1,m
User-572,"2,429",520,753,16,44,6,0,f
User-573,263,136,277,0,1,1,2,f
User-574,700,833,586,154,99,142,0,f
User-575,"1,424","1,453",890,98,92,104,2,f
User-576,"1,266",546,284,85,69,61,2,f
User-577,509,"1,496","1,049",298,287,211,5,f
User-578,367,371,307,95,117,101,0,f
User-579,"2,980",441,801,29,26,17,0,f
User-580,177,"5,096","5,716",300,234,336,2,m
User-581,322,"7,876",401,275,247,293,0,f
User-582,370,"1,841",143,82,81,58,0,f
User-583,325,277,791,6,11,11,4,f
User-584,374,535,425,77,63,64,9,m
User-585,624,"1,417",504,37,38,74,2,f
User-586,403,"1,202","2,421",50,23,17,0,f
User-587,193,871,"1,929",3,21,6,3,f
User-588,"1,224",895,"1,249",45,51,59,4,f
User-589,56,194,422,25,24,86,8,m
User-590,289,649,699,65,71,141,1,f
User-591,85,422,"1,929",25,58,25,8,m
User-592,181,230,898,45,67,57,8,m
User-593,198,510,912,108,86,94,0,f
User-594,456,415,"1,020",15,34,47,7,m
User-595,849,"1,564","1,681",35,31,33,1,f
User-596,"2,345","2,675","5,384",106,98,90,1,f
User-597,225,208,229,30,12,49,2,f
User-598,62,312,"1,090",80,72,56,7,m
User-599,203,374,"1,124",126,83,89,7,m
User-600,728,590,525,43,103,46,3,f
User-601,747,257,775,4,10,15,1,f
User-602,440,"1,073","2,138",26,65,31,1,m
User-603,353,655,758,107,161,140,6,f
User-604,268,519,675,83,82,52,1,m
User-605,150,25,39,1,0,1,0,f
User-606,"1,894","1,305","6,072",86,69,114,5,m
User-607,163,"8,400","5,051",188,167,207,0,m
User-608,"1,825","5,852","7,122",161,129,214,0,m
User-609,481,458,908,49,41,57,6,f
User-610,173,142,445,50,31,20,7,m
User-611,64,113,256,5,8,11,1,f
User-612,73,"2,853","6,425",107,137,222,8,f
User-613,361,"4,026",938,378,311,354,4,m
User-614,67,154,393,32,36,23,7,f
User-615,679,1259,703,82,39,88,5,f
User-616,158,"1,224",245,154,138,138,7,f
User-617,187,"3,878","1,660",127,171,118,8,f
User-618,134,"2,837","2,292",229,81,105,9,f
User-619,336,288,264,48,18,25,0,f
User-620,159,"1,178",762,192,226,209,9,f
User-621,96,843,"4,917",114,43,36,6,m
User-622,184,834,"1,500",8,8,152,2,m
User-623,395,647,944,25,26,34,4,f
User-624,502,864,"1,143",66,69,55,8,f
User-625,268,"6,006","6,116",236,250,432,6,f
User-626,110,"9,462","1,008",646,418,603,9,m
User-627,107,500,"1,514",25,18,15,3,f
User-628,257,534,756,31,39,18,4,f
User-629,92,"3,185","2,177",259,185,133,2,f
User-630,313,"1,063",571,76,102,77,7,m
User-631,66,"6,978","6,300",1374,1103,1806,7,f
User-632,459,681,"1,090",18,14,11,8,m
User-633,53,"2,921",608,137,91,85,8,f
User-634,63,483,330,43,31,34,9,f
User-635,210,762,"2,093",13,16,29,7,f
User-636,97,"1,526","2,702",201,212,233,7,m
User-637,77,921,"2,127",29,52,44,4,m
User-638,84,183,599,21,12,12,9,f
User-639,233,436,494,5,6,1,9,m
User-640,83,738,"1,907",64,72,69,9,m
User-641,62,853,"3,877",25,19,13,8,m
User-642,67,569,"1,184",20,15,19,8,m
User-643,62,"1,298",996,53,55,43,9,m
User-644,440,"2,141","4,920",57,49,21,8,f
User-645,"1,464","5,844","5,214",37,21,17,0,f
User-646,93,933,501,41,30,34,9,f
User-647,52,218,337,16,22,26,5,f
User-648,143,132,374,5,3,6,0,m
User-649,247,"1,108",958,17,25,13,9,m
User-650,104,185,"1,208",18,11,7,7,m
User-651,51,16,32,0,1,2,1,m
User-652,80,"4,677",421,280,156,45,8,f
User-653,98,791,"2,796",40,19,10,8,f
User-654,92,"1,248","7,500",15,21,31,1,f
User-655,197,"1,465","3,630",81,70,91,9,f
User-656,127,"6,528",977,1015,687,729,9,m
User-657,105,104,311,5,3,8,9,f
User-658,81,64,174,1,0,0,9,m
User-659,66,"1,483","1,076",22,37,35,2,f
User-660,256,"2,289",792,331,248,248,5,m
User-661,"1,208","1,131","4,759",8,8,7,0,m
User-662,57,124,474,18,8,18,6,m
User-663,203,"6,054","6,553",211,236,224,9,m
User-664,"1,352",774,"2,795",59,57,51,9,m
User-665,125,517,629,27,28,18,4,f
User-666,143,"7,611","3,985",1154,1266,1447,9,m
User-667,734,621,"1,248",22,50,45,4,m
User-668,240,"1,270","6,411",125,112,185,1,f
User-669,219,"1,224","1,146",20,11,80,5,f
User-670,67,134,104,22,13,25,4,f
User-671,81,"1,217","6,406",15,48,175,7,m
User-672,374,456,949,18,22,30,0,m
User-673,52,832,"2,282",37,25,36,5,f
User-674,90,"6,449","4,374",503,130,542,6,f
User-675,55,"1,108","6,135",112,127,132,8,f
User-676,264,104,55,20,19,11,1,m
User-677,"1,635",663,846,4,9,33,3,f
User-678,181,"8,834","4,587",516,609,752,2,m
User-679,73,610,"1,293",32,76,85,3,m
User-680,89,333,"1,503",11,10,8,3,f
User-681,231,"3,106","3,841",114,98,84,9,m
User-682,248,512,"1,660",62,42,65,0,m
User-683,100,351,"2,081",3,6,5,4,m
User-684,127,189,690,17,39,22,5,m
User-685,170,405,328,32,4,5,0,m
User-686,717,"1,656","1,390",124,124,116,5,f
User-687,290,"2,662","3,964",125,113,152,0,m
User-688,173,"2,949",472,95,67,110,8,f
User-689,79,"1,976","7,140",181,192,112,9,m
User-690,132,"7,303","1,936",797,1209,1185,9,f
User-691,982,596,"1,837",46,56,25,4,f
User-692,583,"2,437","7,499",23,21,18,0,f
User-693,51,"2,930","5,091",86,112,81,8,f
User-694,159,"2,471","1,380",307,301,294,3,f
User-695,497,"2,902","3,685",490,544,481,0,m
User-696,"1,708",774,"1,420",31,49,33,1,f
User-697,59,"4,691","1,081",1141,1196,1467,8,m
User-698,335,"1,180","3,073",116,103,47,1,f
User-699,"1,495","4,137","3,642",122,116,102,0,f
User-700,321,651,564,96,92,157,8,f
User-701,399,"8,066","2,153",771,342,343,6,f
User-702,420,"1,780","4,992",56,70,74,1,f
User-703,170,"3,112","7,462",63,88,103,9,m
User-704,947,"1,064","4,105",96,22,42,0,f
User-705,139,155,473,36,45,35,2,f
User-706,273,"4,433","6,733",75,92,113,1,f
User-707,60,175,295,16,6,6,9,f
User-708,"1,527","2,471","4,805",133,121,57,5,f
User-709,294,346,566,47,18,47,1,f
User-710,160,"4,348","6,096",442,549,275,2,m
User-711,323,211,878,10,12,9,5,f
User-712,76,"1,130","5,837",55,110,70,0,m
User-713,226,312,"1,326",95,75,75,2,f
User-714,52,360,"1,209",8,32,3,4,f
User-715,732,272,364,12,9,10,0,m
User-716,166,"1,087","1,489",47,43,36,2,f
User-717,99,383,405,29,35,62,4,m
User-718,178,223,180,7,2,8,1,f
User-719,267,357,530,3,3,3,2,f
User-720,272,"1,814","3,422",40,22,34,5,m
User-721,197,455,925,10,11,22,0,m
User-722,296,216,866,3,3,1,4,m
User-723,65,124,431,18,23,18,0,m
User-724,69,"1,368","4,133",95,60,25,5,m
User-725,764,260,751,4,2,2,0,f
User-726,138,154,210,4,9,3,0,f
User-727,51,876,"1,353",34,16,38,0,m
User-728,79,310,620,8,2,5,7,m
User-729,71,328,363,6,3,8,7,f
User-730,87,162,"1,125",5,4,3,7,m
User-731,265,807,"2,795",7,7,4,5,m
User-732,201,254,996,16,17,10,7,f
User-733,109,173,205,7,6,10,5,m
User-734,318,725,869,11,12,7,9,m
User-735,439,259,786,9,11,6,0,f
User-736,"4,587","9,785","1,777",644,616,601,0,m
User-737,191,"3,149",155,189,192,219,0,m
User-738,436,603,"1,837",12,48,24,0,f
User-739,126,130,276,8,15,6,0,m
User-740,220,"8,461","6,828",360,886,693,6,m
User-741,273,712,"2,507",153,175,155,2,m
User-742,546,"1,027",442,128,55,54,7,f
User-743,225,"1,263",597,160,109,89,9,f
User-744,754,"2,068","6,230",55,79,52,0,f
User-745,158,"2,893","5,625",34,35,66,0,m
User-746,51,"1,934","1,502",63,26,66,3,f
User-747,415,"7,285","2,495",187,204,213,0,f
User-748,330,"1,375",984,59,51,29,0,f
User-749,879,"7,991","6,822",160,226,169,4,f
User-750,84,"8,022","5,923",118,156,47,3,m
User-751,270,"6,439","4,735",158,116,151,2,m
User-752,121,"1,836","4,793",18,16,7,3,f
User-753,"1,206","3,244","2,705",136,152,133,6,f
User-754,180,500,540,468,443,471,3,f
User-755,481,"2,427",910,69,68,78,2,f
User-756,767,"4,928","1,367",178,153,150,0,f
User-757,210,"2,210","2,239",318,326,688,1,f
User-758,225,"1,193","4,210",36,74,52,1,f
User-759,89,"1,580","2,150",70,53,74,9,m
User-760,337,"3,053","5,660",30,103,104,5,m
User-761,"1,340","1,659",856,34,18,31,2,f
User-762,123,"1,452","1,747",51,69,53,3,f
User-763,592,"4,727",327,203,128,284,9,f
User-764,197,"1,586","1,651",58,70,52,2,f
User-765,500,266,753,15,3,8,4,f
User-766,112,"1,649","6,799",126,176,122,1,m
User-767,190,359,"1,706",18,0,3,0,f
User-768,499,295,588,26,16,11,2,f
User-769,412,612,"2,758",15,17,15,2,f
User-770,58,86,231,10,0,0,0,f
User-771,53,88,237,4,8,7,0,m
User-772,95,714,"2,787",53,77,98,6,f
User-773,789,642,"2,724",47,110,50,6,f
User-774,570,630,397,75,87,96,3,f
User-775,105,229,"1,031",74,61,61,7,m
User-776,171,"5,028","6,762",292,220,247,2,f
User-777,725,195,327,20,4,28,2,f
User-778,340,123,238,8,19,11,3,f
User-779,"1,806","2,803","1,163",39,83,44,2,m
User-780,314,956,746,47,72,41,1,m
User-781,185,683,353,50,33,48,0,f
User-782,332,226,374,50,40,55,4,m
User-783,810,"1,967","1,726",95,110,88,5,m
User-784,834,280,404,6,11,9,2,m
User-785,81,85,53,6,1,6,1,f
User-786,"3,067","3,752","2,218",46,53,36,0,f
User-787,57,76,72,13,6,9,0,f
User-788,216,495,"2,158",84,58,55,2,f
User-789,68,77,248,4,15,33,1,f
User-790,71,168,"1,121",77,47,28,1,f
User-791,487,807,"3,006",32,17,22,8,m
User-792,121,176,465,34,30,21,2,f
User-793,788,"1,616","5,054",15,32,20,1,f
User-794,"1,137",511,851,71,38,88,0,f
User-795,51,303,"1,139",17,21,27,6,m
User-796,"1,959",166,886,5,4,3,0,f
User-797,234,402,"1,731",13,19,23,0,m
User-798,171,628,"3,171",72,64,71,3,f
User-799,215,250,480,27,19,16,0,f
User-800,69,196,508,26,40,24,5,f
User-801,137,"1,295","4,194",22,18,49,4,f
User-802,71,622,"2,108",22,20,11,6,m
User-803,627,282,643,28,45,22,0,f
User-804,801,"2,766","4,412",86,85,94,0,m
User-805,82,567,"2,984",85,81,55,3,m
User-806,280,"1,260","3,123",103,150,67,1,m
User-807,87,705,726,15,28,14,2,f
User-808,660,370,479,16,25,18,3,f
User-809,217,281,246,20,16,21,1,f
User-810,163,"2,288","2,283",45,38,25,0,f
User-811,72,152,663,103,71,105,0,f
User-812,180,649,"1,147",126,153,132,6,f
User-813,354,366,478,6,5,9,0,f
User-814,847,429,298,14,8,9,4,m
User-815,479,935,"1,120",78,41,68,0,f
User-816,193,638,"3,933",35,32,25,0,f
User-817,396,"1,887","5,565",84,57,46,3,f
User-818,328,258,142,28,15,11,8,m
User-819,53,295,521,22,7,7,0,f
User-820,104,833,"1,318",47,72,45,1,f
User-821,"1,084","1,206","4,686",22,13,13,0,f
User-822,171,71,248,13,6,6,5,m
User-823,863,"1,750","7,474",20,27,15,4,f
User-824,158,"1,218","3,308",162,184,156,1,m
User-825,125,"1,305","2,209",40,49,51,2,m
User-826,62,496,"1,704",61,17,48,3,f
User-827,190,999,"3,018",40,79,28,8,f
User-828,122,80,62,11,13,9,4,f
User-829,53,354,"1,304",25,15,16,7,m
User-830,61,233,"1,478",14,14,12,2,f
User-831,729,672,969,85,102,62,6,m
User-832,93,"1,984","4,800",161,143,95,4,m
User-833,407,455,504,47,55,17,3,f
User-834,75,111,233,3,9,4,0,m
User-835,93,"1,430","4,195",109,138,130,1,m
User-836,"1,922","1,284","2,177",15,12,17,7,f
User-837,124,215,433,39,29,29,0,f
User-838,92,"1,409","1,615",109,143,145,4,f
User-839,52,626,"2,987",39,133,53,2,m
User-840,231,199,638,41,12,24,0,m
User-841,"1,224","2,733","2,348",238,70,54,4,f
User-842,97,"1,054","2,307",60,57,31,7,m
User-843,853,"2,484","2,775",106,137,102,7,m
User-844,659,"1,796","4,556",16,16,13,5,m
User-845,446,"2,132","7,492",30,15,9,1,m
User-846,81,"1,454","1,023",111,73,81,1,m
User-847,172,102,184,31,26,30,8,m
User-848,145,"1,038","3,288",17,33,12,2,m
User-849,174,742,"3,771",33,148,68,6,m
User-850,98,667,"3,011",64,57,40,2,m
User-851,70,467,511,12,10,19,4,m
User-852,88,"1,148","4,877",34,32,27,0,m
User-853,140,857,"6,690",202,106,82,9,m
User-854,82,995,"1,548",20,26,20,0,m
User-855,67,265,"1,286",62,51,40,0,f
User-856,74,437,"1,730",9,13,8,2,f
User-857,86,301,"1,754",3,4,3,7,m
User-858,874,"5,478","1,387",195,102,181,4,f
User-859,622,"1,159","4,499",69,61,42,0,m
User-860,228,252,"2,804",18,9,8,4,m
User-861,129,635,"1,522",9,6,112,1,m
User-862,419,384,"4,203",13,15,15,6,m
User-863,58,"1,108","4,825",28,19,18,7,m
User-864,52,"1,245","5,294",18,13,9,8,m
User-865,358,294,"1,280",4,2,6,1,m
User-866,69,965,"5,293",11,14,6,5,m
User-867,172,"1,267","5,409",114,122,96,3,m
User-868,96,406,"1,794",53,80,66,8,m
User-869,197,366,"1,353",40,57,32,0,f
User-870,66,474,"1,831",56,73,123,7,m
User-871,56,62,158,9,13,22,0,f
User-872,87,928,"3,229",220,216,274,0,m
User-873,"1,001",866,"5,833",90,81,101,0,m
User-874,"1,740",778,"4,216",44,32,58,5,m
User-875,351,272,664,27,22,15,3,m
User-876,82,568,"1,387",61,67,74,7,m
User-877,70,265,"1,903",13,17,4,9,m
User-878,113,497,685,27,32,35,0,m
User-879,54,310,663,68,61,61,6,m
User-880,166,363,"2,514",72,92,111,4,m
User-881,97,660,"2,165",32,59,66,8,m
User-882,"1,817",865,"3,289",29,36,39,0,m
User-883,"6,948","1,177","3,368",29,48,46,0,m
User-884,72,370,"2,742",30,25,21,3,m
User-885,90,174,399,8,8,7,7,f
User-886,51,151,501,5,6,5,9,m
User-887,78,605,"2,771",5,17,11,6,m
User-888,109,353,"1,363",23,27,30,6,m
User-889,202,221,"1,705",6,9,7,5,m
User-890,54,106,508,5,7,30,3,m
User-891,490,835,"6,437",76,74,67,3,m
User-892,166,709,"6,087",10,9,6,6,m
User-893,65,656,"6,396",27,25,46,1,m
User-894,57,174,"1,554",35,26,84,0,m
User-895,375,"1,174","7,500",37,47,81,9,m
User-896,78,767,"6,527",50,48,26,8,m
User-897,116,203,"1,773",14,16,22,2,m
User-898,133,523,"6,107",10,12,7,9,m
User-899,230,316,316,21,26,40,6,m
User-900,101,455,"3,816",9,30,35,9,m
User-901,147,886,"7,076",11,28,30,2,m
User-902,59,671,"4,614",28,25,8,9,m
User-903,89,146,862,12,12,8,2,m
User-904,94,131,670,19,9,9,4,m
User-905,293,"3,570",14,465,520,240,1,f
User-906,615,"1,328","7,392",43,54,67,4,m
User-907,"1,197","1,926","4,491",4,55,23,3,m
User-908,377,"1,563","4,135",26,15,17,6,m
User-909,"1,317","4,059","5,196",109,170,202,0,m
User-910,107,"1,695","2,001",157,133,146,1,m
User-911,123,397,914,9,12,8,3,m
User-912,780,877,"2,566",25,78,54,0,m
User-913,112,325,711,23,10,10,0,m
User-914,"3,113",370,752,7,16,4,0,m
User-915,262,595,"1,770",73,92,81,8,m
User-916,113,702,"1,140",19,12,15,2,m
User-917,219,608,"2,468",37,41,34,0,m
User-918,340,331,837,19,14,12,0,m
User-919,846,"1,066","1,706",100,76,89,0,m
User-920,232,365,670,54,59,51,5,m
User-921,"1,259",604,"1,876",15,18,10,3,m
User-922,233,"1,352","7,444",94,99,91,6,m
User-923,"3,382",711,852,26,22,34,0,m
User-924,"1,468","8,683","7,479",765,831,654,8,m
User-925,132,472,"1,940",42,32,44,0,m
User-926,542,"1,058","2,973",66,84,59,5,f
User-927,707,963,"6,694",12,8,8,2,m
User-928,"1,330","1,996","7,500",29,90,70,3,f
User-929,305,207,92,6,12,5,1,f
User-930,163,771,"1,280",48,111,68,0,f
User-931,236,665,"4,225",24,14,7,1,f
User-932,50,541,369,50,43,37,3,f
User-933,64,305,"1,069",17,8,23,0,m
User-934,153,"1,011",449,246,180,147,5,m
User-935,"2,556",593,"3,573",31,53,35,4,f
User-936,138,502,604,21,47,62,3,f
User-937,300,759,"1,423",25,23,32,4,f
User-938,641,"2,201","5,564",254,173,121,2,f
User-939,93,"6,167","1,115",81,104,88,4,f
User-940,92,510,"1,553",235,174,239,0,m
User-941,361,"3,652","2,891",225,211,250,8,m
User-942,99,318,728,43,49,58,3,f
User-943,68,868,"2,618",102,102,137,7,f
User-944,138,229,"1,084",25,19,15,1,f
User-945,"1,012",821,"1,352",66,77,50,2,f
User-946,627,493,934,24,34,15,0,m
User-947,327,246,457,31,30,35,1,f
User-948,879,647,353,57,58,64,1,f
User-949,55,136,809,11,28,17,0,m
User-950,67,314,"1,434",9,10,13,4,m
User-951,555,615,895,63,34,97,7,m
User-952,212,318,407,9,6,24,3,f
User-953,65,"2,347","7,486",331,335,242,1,f
User-954,60,743,"3,179",92,88,97,1,f
User-955,"1,458","1,707","1,515",41,79,51,3,f
User-956,100,287,180,23,24,41,2,f
User-957,950,619,695,77,67,72,3,f
User-958,496,376,415,56,36,63,2,f
User-959,197,366,754,35,21,8,6,m
User-960,55,47,190,9,33,56,0,f
User-961,380,600,566,38,47,52,0,m
User-962,513,365,257,28,48,55,3,m
User-963,166,614,644,41,66,29,0,m
User-964,224,865,"5,830",46,32,20,0,m
User-965,374,"2,140","6,558",85,116,87,0,m
User-966,880,"1,093","3,741",55,35,34,5,f
User-967,150,984,"7,485",7,12,20,1,m
User-968,145,108,525,12,16,39,0,m
User-969,513,"1,748","7,500",84,77,91,3,f
User-970,689,386,771,25,39,70,0,f
User-971,172,311,610,25,37,19,4,f
User-972,836,"2,679",581,140,142,138,2,m
User-973,156,"7,671","4,107",1341,1098,899,2,m
User-974,253,409,"1,413",70,76,18,4,m
User-975,238,"3,399","5,361",411,314,265,0,f
User-976,510,"2,534","7,497",14,32,8,0,f
User-977,99,"2,083","4,555",161,150,127,0,m
User-978,131,236,959,37,28,19,8,m
User-979,115,"5,455","7,442",160,177,247,0,m
User-980,110,189,134,18,17,18,0,f
User-981,72,524,"1,665",103,121,107,0,m
User-982,348,"1,163","1,398",33,56,50,4,f
User-983,120,155,480,22,11,28,0,m
User-984,"1,338",750,"1,644",22,12,13,0,m
User-985,87,377,670,19,28,22,6,m
User-986,476,787,"2,085",39,48,67,1,m
User-987,53,277,"1,051",0,0,1,6,m
User-988,349,"1,524","1,865",61,53,82,0,m
User-989,117,936,"1,908",68,36,36,0,m
User-990,656,"2,682","6,818",144,75,115,3,f
User-991,122,"1,772","4,150",167,146,134,2,f
User-992,342,843,975,99,178,88,5,f
User-993,114,549,378,119,124,117,9,f
User-994,167,"1,638","1,227",259,379,362,6,f
User-995,151,"3,180",684,212,101,193,7,f
User-996,"2,599","2,684","7,300",19,55,44,0,f
User-997,"2,284","4,020","2,978",160,164,200,6,f
User-998,164,"2,326","6,920",37,29,48,7,f
User-999,89,286,715,30,6,18,4,f
User-1000,83,"1,587","4,997",58,32,45,5,f